{"EMPLOYEE_ID":{"0":198,"1":199,"29":120,"30":121,"31":122,"32":123,"33":124,"34":125,"35":126,"36":127,"37":128,"38":129,"39":130,"40":131,"41":132,"42":133,"43":134,"44":135,"45":136,"46":137,"47":138,"48":139,"49":140},"FIRST_NAME":{"0":"Donald","1":"Douglas","29":"Matthew","30":"Adam","31":"Payam","32":"Shanta","33":"Kevin","34":"Julia","35":"Irene","36":"James","37":"Steven","38":"Laura","39":"Mozhe","40":"James","41":"TJ","42":"Jason","43":"Michael","44":"Ki","45":"Hazel","46":"Renske","47":"Stephen","48":"John","49":"Joshua"},"LAST_NAME":{"0":"OConnell","1":"Grant","29":"Weiss","30":"Fripp","31":"Kaufling","32":"Vollman","33":"Mourgos","34":"Nayer","35":"Mikkilineni","36":"Landry","37":"Markle","38":"Bissot","39":"Atkinson","40":"Marlow","41":"Olson","42":"Mallin","43":"Rogers","44":"Gee","45":"Philtanker","46":"Ladwig","47":"Stiles","48":"Seo","49":"Patel"},"EMAIL":{"0":"DOCONNEL","1":"DGRANT","29":"MWEISS","30":"AFRIPP","31":"PKAUFLIN","32":"SVOLLMAN","33":"KMOURGOS","34":"JNAYER","35":"IMIKKILI","36":"JLANDRY","37":"SMARKLE","38":"LBISSOT","39":"MATKINSO","40":"JAMRLOW","41":"TJOLSON","42":"JMALLIN","43":"MROGERS","44":"KGEE","45":"HPHILTAN","46":"RLADWIG","47":"SSTILES","48":"JSEO","49":"JPATEL"},"PHONE_NUMBER":{"0":"650.507.9833","1":"650.507.9844","29":"650.123.1234","30":"650.123.2234","31":"650.123.3234","32":"650.123.4234","33":"650.123.5234","34":"650.124.1214","35":"650.124.1224","36":"650.124.1334","37":"650.124.1434","38":"650.124.5234","39":"650.124.6234","40":"650.124.7234","41":"650.124.8234","42":"650.127.1934","43":"650.127.1834","44":"650.127.1734","45":"650.127.1634","46":"650.121.1234","47":"650.121.2034","48":"650.121.2019","49":"650.121.1834"},"HIRE_DATE":{"0":"21-JUN-07","1":"13-JAN-08","29":"18-JUL-04","30":"10-APR-05","31":"01-MAY-03","32":"10-OCT-05","33":"16-NOV-07","34":"16-JUL-05","35":"28-SEP-06","36":"14-JAN-07","37":"08-MAR-08","38":"20-AUG-05","39":"30-OCT-05","40":"16-FEB-05","41":"10-APR-07","42":"14-JUN-04","43":"26-AUG-06","44":"12-DEC-07","45":"06-FEB-08","46":"14-JUL-03","47":"26-OCT-05","48":"12-FEB-06","49":"06-APR-06"},"JOB_ID":{"0":"SH_CLERK","1":"SH_CLERK","29":"ST_MAN","30":"ST_MAN","31":"ST_MAN","32":"ST_MAN","33":"ST_MAN","34":"ST_CLERK","35":"ST_CLERK","36":"ST_CLERK","37":"ST_CLERK","38":"ST_CLERK","39":"ST_CLERK","40":"ST_CLERK","41":"ST_CLERK","42":"ST_CLERK","43":"ST_CLERK","44":"ST_CLERK","45":"ST_CLERK","46":"ST_CLERK","47":"ST_CLERK","48":"ST_CLERK","49":"ST_CLERK"},"SALARY":{"0":2600,"1":2600,"29":8000,"30":8200,"31":7900,"32":6500,"33":5800,"34":3200,"35":2700,"36":2400,"37":2200,"38":3300,"39":2800,"40":2500,"41":2100,"42":3300,"43":2900,"44":2400,"45":2200,"46":3600,"47":3200,"48":2700,"49":2500},"COMMISSION_PCT":{"0":" - ","1":" - ","29":" - ","30":" - ","31":" - ","32":" - ","33":" - ","34":" - ","35":" - ","36":" - ","37":" - ","38":" - ","39":" - ","40":" - ","41":" - ","42":" - ","43":" - ","44":" - ","45":" - ","46":" - ","47":" - ","48":" - ","49":" - "},"MANAGER_ID":{"0":"124","1":"124","29":"100","30":"100","31":"100","32":"100","33":"100","34":"120","35":"120","36":"120","37":"120","38":"121","39":"121","40":"121","41":"121","42":"122","43":"122","44":"122","45":"122","46":"123","47":"123","48":"123","49":"123"},"DEPARTMENT_ID":{"0":50,"1":50,"29":50,"30":50,"31":50,"32":50,"33":50,"34":50,"35":50,"36":50,"37":50,"38":50,"39":50,"40":50,"41":50,"42":50,"43":50,"44":50,"45":50,"46":50,"47":50,"48":50,"49":50}}